AGCACAAUUAGAACCCAAUAGCACUGCUUA	-10.657109172755586
UCAGUCGCGCGGCUUCUCGCGCAUCUCCCA	340.67564351131665
GUCCGCACGGCAAAGCCGCCCGGUGGAUGG	2898.0284243716897
UUAGACCAGCACGCGCUCGAUCCCGCCAUG	246.7905470530765
ACUAGGGGCACCAAGCCAGCCGGUGGAUGG	3061.10883546716
UCAGCUGUUGAACUGCGGCAGAUAGAAUGU	217.0042266622483
AAGAGGGCACCAAGCCAGGCGGUGGAUGGC	2820.337362814771
GUGACGCGCGAAUGGCUGCUGGUCCUGCUG	283.69390927542366
AUGUCUCAGGAACCACUUGCACGAGAAGCA	215.67328423097047
ACUAGGGGCACCAAGCCAGCCGGUGGAUGG	3133.731367319565
AGCAAGCCGCCCGGUGGAUGGCUCGGCUCG	3074.0919411465693
UAAUACACAAGCUAAAACUUACAAAGUAGC	116.13045750695515
ACGACGCCGCCCGGUGGAUGGCUCGGCUCG	3111.1281372125623
GUGACAUUACGCAAGAAAGCCAUAUGGGUA	62.8381070705805
AUGCAUAAGCUCUUUUUAUAUCUGUAUUCC	3.2393033950419405
GAGCUGUAUUUGCACCAGGCGGGGCCUGAG	217.79042212957998
ACCCAGGGGCCGAAGCCUCCCGGUGGAUGG	2999.2241904529874
CCAGGGGCUGACGCCACCCGGUGGAUGGCU	3105.4839102751653
AUGGCCACGAAGAAGGUUUCCUCCCGCCGU	358.6332065731677
AUGUUUAAUAAAUUAAUUGAUUGGGCUGUU	9.344866419503505
CUGAUAAACUACGCUAUCUGGUGGAUGGCU	2467.012903332393
CCGACGCCGCCCGGUGGAUGGCUCGGCUCG	3036.109335476099
AUGAGUUUAAAAUCUGAAAACUCUAAAAAA	-2.7349170775257314
CGACGACGCCGCCCGGUGGAUGGCUCGGCU	3098.70619974962
CUAAUUUACCUUCUUCAGAAUAAAUCCAUU	-36.827745888985056
GCACGGCAAAGCCGCCCGGUGGAUGGCUCG	3064.8730848535115
UUUAAGCCGCCUGGUGGAUGGCUCGGCUCG	2947.6323164954943
AUGACUGAAGAAAACAAACUGAACGAAGCC	325.1450227748741
AUGAAGAGAAUCCUGCAGUUAAGCACUCUG	297.13023051185655
AUGACCGAGAUCGGCUUGAUCCUGCUGGGC	472.97452987334555
CGCAAGGGCACCAAGCCAUUCGGUGGAUGG	2935.987403761585
UCAGGAAGAGGGACUGGAACGGACAACCCG	147.88242292289658
UUAUUUUCCUUGCGCCAUUUUCUUGUAAGA	-105.28901379929582
GCAAGGGGCACCAAGCCAGCCGGUGGAUGG	2749.136664368907
UUACCCGGCCCGGUCGUCCGCGGCCGGGCC	371.4716273631898
UUACACCUUUUCCACAUUCACAAGGAAGGA	145.25777107988003
ACCCAGGGGCCGAAGCCUCCCGGUGGAUGG	2983.8615125038987
UCAGCUCCCGAUCGUCAGCGCGUCAUUCAC	268.2294409855996
AUGAGCGUCUCCGAGCCCUUCAUCCGCCGG	335.73911876572794
AUGAGCACAGUGCGACGACUGGAAGGAAAA	224.57803673969352
ACCCGUGCCGCGAAGCCGUCCGGUGGAUGG	2719.7124425984307
ACCAAGCCAGCCGGUGGAUGGCUCGGCUCG	3132.720496110684
CUUACGCCGUCCGGUGGAUGGCUCGGCUCG	2988.3004006536657
UUACACGUCCUCCGCUUUUGCGGCUUCAGG	338.79120238667554
ACCCAGGGGCCGAAGCCUCCCGGUGGAUGG	2997.5962424061954
ACCAAGCCAGCCGGUGGAUGGCUCGGCUCG	3129.7789208025156
ACCCAGGGCACCAUGCCGCCCGGUGGAUGG	2592.8373482614566
CAUAAGCCUCCCGGUGGAUGGCUCGGCUCG	3033.422134572096
CCAACUCGACUUUGGUCACCCGCGUGUAGC	372.1761388304962
UCAGUAGUCUCUCUGCAUAUCUGCAAUCUU	91.39750008612688
AUGACACGGGCCGCCGCAGCAGAUUCCGAA	117.80973648282226
GGUACGCUCAGCCAUGCGGGCAGCGACGGC	465.52605756489277
CUCCGCACGGCAAAGCCGUCCGGUGGAUGG	3061.4729245355193
AGGACGCCGCCCGGUGGAUGGCUCGGCUCG	3104.8368774633886
UCGCCGCAGAUCCCGGGAACCGCAAAGCCG	408.307711713674
CCGCCCGGUGGAUGGCUCGGCUCGGGCGCC	3062.1516834418535
CGCACGGUCAAGCCGCCCGGUGGAUGGCUC	2899.2810662350425
AUGAGUUACAAGCAUAAACCAACCGUCAUA	295.92662493679154
UCAAAGCCCAUAGCGUGCCCAGAUUGCUUU	171.1052775551556
AUGUUUCAGCGCAUUAUUCAGUUUGCUGUC	98.72381494560018
UCACUUCCCCAACUGCCGCCCGGACGCGUG	471.5057433094708
UUACCUGUCCGCAUCAAAGUCAUAGCGAAU	118.91457330371972
ACUAGGGGCACCAAGCCAGCCGGUGGAUGG	3126.4476004459693
ACUAGGGGCACCAAGCCAGCCGGUGGAUGG	3136.5277531426464
GUGGUACUAGACAAGAUCUUGCGUGCCGGC	375.7974247982572
UCAGGCGUCCAUGGCGGCGUUCAGCGCGGC	302.9858371437104
GGCUCGGCUCGGGCACCGAAGAAGGGCGCG	2982.548089250423
CUAGGGACGGGAAACCGUCCGGUGGAUGGC	2966.2275284178118
ACUAGGGGCACCAAGCCAGCCGGUGGAUGG	3135.8625539407594
ACUAGGGGCACCAAGCCAGCCGGUGGAUGG	3133.88834182127
ACUAGGGGCACCAAGCCAGCCGGUGGAUGG	3131.425291050763
AUGCCCCUGAUCACCCCUGAAAACGUCACU	300.120739271934
ACUAGGGGCACCAAGCCAGCCGGUGGAUGG	2805.737992886048
AUGAACGCGACGGGGUCGGACGAGCGGGAC	414.27748177158037
AUGAUCGCGCACGUCAUUCGAUGGUCGAUU	326.5843886560973
AUGUACAUUGGGGAUACAGAUGAUGGAACC	22.430198315926514
AUGUUGCAAAAAGUGAUCGAAGCCGCGAUU	119.91333553258644
GCUAGGGACAAGAAGUCGUCCGGUGGAUGG	2947.541837023364
GCACGGCCAAGCCGUCCGGUGGAUGGCUCG	2979.9914632248997
GAGAUUUCGACCCCACCAGCCUGAACUUCA	312.7877873378853
GCUCCGCACGGCAAAGCCGCCCGGUGGAUG	2845.135235576185
AUGAAAGCAAUGCAAGCAACAGGGCUCUAU	123.63339934267569
GCUAGGGACAAGAAGUCGUCCGGUGGAUGG	2890.506902040677
AUGAAGCGUCGCCCGGCGCUUCGAGACGAG	220.81379076094785
GCUGGCACGCUGCUACGCCGCCUGGUGGAU	2380.047513759464
UCAGUGCAGGCCCAAUCGCCGCUUCUGCCA	272.71396759554545
AUGUCUCCCCUCUCACGGCUGUUCAUCUUU	372.21808920960126
AUGGAAACCAAUCAGACCUACUCAUUUGAC	232.63676876673637
UCAGCGUGCCUCCAGUUCAUCCAGAAUACU	84.311424672674
AUGCAAUUGUUUGCUUCAUCCGUCCGCGUC	271.0725494660533
CUAUUCAGCCAUACGCUUAUACCUAUUAUA	38.95467123777745
AUGGCGGAAGAACAACAGCAUUCGCAAAUU	155.18999335590667
GCUCCGCACGGCAAAGCCGCCCGGUGGAUG	210.15182262827645
GUCCGCACGGUCAAGCCGCCCGGUGGAUGG	3017.2525662086314
UUAUUGUGCCUGUACGCGCAGCUCGGCUGC	293.4325870581412
AUGAGUCAGCACACCCCCGCUCCCAGCCGU	429.8961170938678
UACGCCAGCCGGUGGAUAACUCGGCUUGGG	192.66048069462653
ACUAGGGGCACCAAGCCAGCCGGUGGAUGG	3136.2116572684126
AUGAAUUCAAGUCCGGCGAAAAAAUCUCAA	100.13518496250875
GCUCCGCACGGCAAAGCCGCCCGGUGGAUG	3013.6506564776982
UUAGAAUUUUAAGGUACUUCCUGCUUGGAG	-17.760931805566486
ACCAAGCCAGCCGGUGGAUGGCUCGGCUCG	3131.9455494284753
ACUAGGGGCACCAAGCCAGCCGGUGGAUGG	3136.0549704472305
CGCUAAGCCACCCGGUGGAUGGCUCGGCUC	3046.2727380744604
UCAUGAUUCCUCGCGCUGGGCAAGAUUUAG	151.82203852549554
AUGAACACCGUUAAUUAUAUCUCUAAUAUA	61.96505017795403
UCAGGCGGCGAAGUUGCGGUCGAUGUGCAG	248.48086957682906
UCAUCCGAACUGGCUCCGACUGAGUGCGGA	266.58735806144426
AUGUUGUACGAUAAAUCCCUUGAGAAGGAU	237.36764686182966
GCUCCGCACGGCAAAGCCGCCCGGUGGAUG	3012.006370975496
ACCAAGCCAGCCGGUGGAUGGCUCGGCUCG	3118.5380451088126
AUGUUAGAUAUUUAUAAAGCUUCGGCUGGA	40.54951559154322
AUGGCGCGAUCCCCCGGCCCGGCGGCGGUG	426.8409571498439
GCUCCGCACGGCAAAGCCGCCCGGUGGAUG	2782.3530214308316
GGACGGGAAACCGUCCGGUGGAUGGCUCGG	2953.779667942509
UACGCCAGCCGGUGGAUAACUCGGCUUGGG	195.25830124967905
CCGACGCCGCCCGGUGGAUGGCUCGGCUCG	3038.7045729143615
UCACAAAUUUGGGUGACUGGAGGAAACGCA	108.28497730280432
UUAGCCGGUAUUACGCAUACCUGCCGCAAU	114.50986327699003
AUGAGCAGCCGGGAACCCCUUUACCUUAUC	330.4267806296589
GUCCGCACGGUCAAGCCGCCCGGUGGAUGG	3026.612251463216
AUGAGUGCGGAGCCGCUUCCAGAACCUGCG	365.0116802477283
AUGAAAAGAAUGUUAAUUAACGCAACUCAA	210.2997107947669
AUGACCGCGGUCCGGCUUCCUGACCCGGUA	352.14755069240135
UUAUUGCAUGCUAUUUUUUGCAUGGUCAUA	-157.87005105425428
ACCAAGCCAGCCGGUGGAUGGCUCGGCUCG	3132.1022362496574
UCAUGGUCGGUCCUCCGUGGCGUGGCCGGG	303.26355623982346
AUGAGAAAACCCGUUAUGUUUUUACUCACG	8.538217788018542
ACUAGGGGCACCAAGCCAGCCGGUGGAUGG	3135.290251435871
GCAAAGCCGCCCGGUGGAUGGCUCGGCUCG	3028.1770554818045
AUGACCACGUACGUGCAGGUUGCUGUCAAU	210.93585567818627
CACGGCAAAGCCGCCCGGUGGAUGGCUCGG	3054.749235559565
UCAGACCUUACGGAUCGCCACAGGCACACC	234.198110972393
UUAAGAACUUAAUGCCAUUGACAUCUAAAA	-163.68772014321877
AUGAGCCCUUUCCCUCUGCAGCUCCGGGCG	431.98139762770313
CGGACGCCGCCCGGUGGAUGGCUCGGCUCA	3059.0634849482294
AUGAUACCGGUCAAACUUAUAUUACAGGGC	279.6323813433108
GUCCGCACGGUCAAGCCGCCCGGUGGAUGG	3045.3234412471907
ACCAAGCCAGCCGGUGGAUGGCUCGGCUCG	3125.2974790056373
GUGCGCGCGACUCUGGAGUUGCUGGCCUCC	172.27348377815628
AGGAACUGUUCCUGCAACGAAUAUUAUUUU	87.70308216364714
ACCAAGCCAGCCGGUGGAUGGCUCGGCUCG	3122.8097062976
CGCGUAAGCCGCCCGGUGGAUGGCUCGGCU	2634.564282014224
CUAAUCAUCGCGCAAGAGGACGGCGAGCUG	334.0218668643685
AUGCGAUACGACAAAUUAACCGCCAAAUUC	195.34720982824044
AGCAAGCCGCUCGGUGGAUGGCUCGGCUCA	3041.534702282267
UUAGAAACCUACAUUCAAUCCUAAUACAUA	66.7626548972914
UCAUUCAGAUGCUCCGGGCUCGUGUCCGUC	375.3748115554283
CUAUACCCACCCGUCCUGCAAUAGGACACU	124.1184801877603
AACCUGUGAUUGGUUCGCAUUUGUACCAUU	-180.2119063991018
UCACGGCACGGACGCCGCCCGGUGGAUGGC	3079.5248903516285
CGCUAAGCCACCCGGUGGAUGGCUCGGCUC	3035.2951811880353
GCACGGCGAGGACGCCGCCCGGUGGAUGGC	3107.2278740301326
AGGACGCCGCCCGGUGGAUGGCUCGGCUCG	3102.844511301133
UUGGUGUAUUUUUUACUAAGCAUUUCUACA	-16.157343021336825
UUAUUGCGAAUGGUUCUGGCAGAUCAGUAC	33.34791256123611
UCAAUCAACCUUUAACGGCGGAUAGUCUUG	7.881657927619289
CUCCGCACGGCAAAGCCGCCCGGUGGAUGG	3074.2720999678795
AUGACAAAACGAACUCUAUCUGCGUUGUUA	203.43235273025525
GGCACCUAUGCCGCCCGGGGGAUGGCUCGG	3040.948326308351
GCAAGGGGCACCAAGCCAGCCGGUGGAUGG	3073.3113620873332
CUACGAACACAAUAUAUUGUUGUAGAUGAU	-45.34717881260912
ACCAAGCCAGCCGGUGGAUGGCUCGGCUCG	3132.5892384061813
UUAAUUUCUUAGUGGUUUGCCAGUUUCUAG	-98.6201214906248
CUAUGGCCGAUGGCCGGCACGCUUGCCCUG	329.53418356727855
UUAAACCAAUUUAGGCAAACUCAAAUGGCG	62.47576622162057
AUGGCGACGAACUUUGACAAUCCGUAUUCG	348.5995818560421
UUAUUGUGAUAGUUCUACUUCUUUUAUCUU	16.920445849331408
UUACACCAGGCUCUUCAAGCGAUAAAUCCA	141.72423282176908
UUAAACGUCCUUCCCAUAAUGAUGUUGAUU	-125.39706458794694
UUGCAGACCCGCAUCGGCGAGGAGCUUCAG	232.0695800949675
GUCCGCACGGUCAAGCCGCCCGGUGGAUGG	2998.456322474746
UCAGAUUUCCGUGAAAAGCUCCUGGAUGUC	299.93157983824125
AUGGAGCUUAGGCUACAUUCUGUUGAGUUC	40.573185435571816
AUGGAAGGUAAGAAACAAAGGAAGUGGUAU	107.17081858177232
UUGAAAAGAAUAUUGUCAUUGGCUCUCAUU	119.18143105624188
ACUAGGGGCACCAAGCCAGCCGGUGGAUGG	3134.5221762610854
AUGAGCGGGUCUGAGCUUGCGCGCGAAAAC	320.1535582296306
AUGUUGAGCUUGAAGUCAUUUAAAAGAAUA	62.75503864628863
AUCUGCACGACAGCCGGCUGGCGACGACCG	453.39609110552584
AUGAGAAAAGUCAUCAGUAUGCUCUUAGUU	184.94569927710722
ACCCGCACCAGCAAGCCGCCCGGUGGAUGG	2963.2091923583466
ACCCGCACCAGCAAGCCGCCCGGUGGAUGG	2964.016428701391
AUGACAAACAUUUCUUGGAAGCUCCUCGAC	95.69859281770034
AUGGAACCCUGGUACAAGGUCGCUACGCCG	251.1875101132074
UCAGUCAAUCGUUUGGGAAUGAGGAGACAG	-68.45793720601894
GUGGCCAAGUACGUCUACACGUUCACCGAG	362.65412372193043
